Workbook

Sheet Resumo
A1: RESUMO · CRISTOFER · RÉVEILLON EUROPA CENTRAL
A2: Família de 5 · 13 noites · 29/12/2026 a 12/01/2027 · Budapeste, Tokaj, Viena, Praga e Paris
A4: Categoria | B4: Itens | C4: A cotar | D4: Cotados | E4: Total R$ (incluídos)
A5: Aéreo | B5: =COUNTIF(Cotação!$B$5:$B$36,A5) | C5: =COUNTIFS(Cotação!$B$5:$B$36,A5,Cotação!$O$5:$O$36,"A cotar") | D5: =COUNTIFS(Cotação!$B$5:$B$36,A5,Cotação!$O$5:$O$36,"<>A cotar") | E5: =SUMIF(Cotação!$B$5:$B$36,A5,Cotação!$N$5:$N$36)
A6: Hotel | B6: =COUNTIF(Cotação!$B$5:$B$36,A6) | C6: =COUNTIFS(Cotação!$B$5:$B$36,A6,Cotação!$O$5:$O$36,"A cotar") | D6: =COUNTIFS(Cotação!$B$5:$B$36,A6,Cotação!$O$5:$O$36,"<>A cotar") | E6: =SUMIF(Cotação!$B$5:$B$36,A6,Cotação!$N$5:$N$36)
A7: Trem | B7: =COUNTIF(Cotação!$B$5:$B$36,A7) | C7: =COUNTIFS(Cotação!$B$5:$B$36,A7,Cotação!$O$5:$O$36,"A cotar") | D7: =COUNTIFS(Cotação!$B$5:$B$36,A7,Cotação!$O$5:$O$36,"<>A cotar") | E7: =SUMIF(Cotação!$B$5:$B$36,A7,Cotação!$N$5:$N$36)
A8: Transfer | B8: =COUNTIF(Cotação!$B$5:$B$36,A8) | C8: =COUNTIFS(Cotação!$B$5:$B$36,A8,Cotação!$O$5:$O$36,"A cotar") | D8: =COUNTIFS(Cotação!$B$5:$B$36,A8,Cotação!$O$5:$O$36,"<>A cotar") | E8: =SUMIF(Cotação!$B$5:$B$36,A8,Cotação!$N$5:$N$36)
A9: Experiência | B9: =COUNTIF(Cotação!$B$5:$B$36,A9) | C9: =COUNTIFS(Cotação!$B$5:$B$36,A9,Cotação!$O$5:$O$36,"A cotar") | D9: =COUNTIFS(Cotação!$B$5:$B$36,A9,Cotação!$O$5:$O$36,"<>A cotar") | E9: =SUMIF(Cotação!$B$5:$B$36,A9,Cotação!$N$5:$N$36)
A10: Seguro/Docs | B10: =COUNTIF(Cotação!$B$5:$B$36,A10) | C10: =COUNTIFS(Cotação!$B$5:$B$36,A10,Cotação!$O$5:$O$36,"A cotar") | D10: =COUNTIFS(Cotação!$B$5:$B$36,A10,Cotação!$O$5:$O$36,"<>A cotar") | E10: =SUMIF(Cotação!$B$5:$B$36,A10,Cotação!$N$5:$N$36)
A11: Outros | B11: =COUNTIF(Cotação!$B$5:$B$36,A11) | C11: =COUNTIFS(Cotação!$B$5:$B$36,A11,Cotação!$O$5:$O$36,"A cotar") | D11: =COUNTIFS(Cotação!$B$5:$B$36,A11,Cotação!$O$5:$O$36,"<>A cotar") | E11: =SUMIF(Cotação!$B$5:$B$36,A11,Cotação!$N$5:$N$36)
A12: Subtotal | B12: =SUM(B5:B11) | C12: =SUM(C5:C11) | D12: =SUM(D5:D11) | E12: =SUM(E5:E11)
A13: Taxa de serviço LusaTravel | E13: =E12*Parâmetros!$B$10
A14: TOTAL PARA O CLIENTE | E14: =E12+E13
A15: Por pessoa (5 pax) | E15: =IF(Parâmetros!$B$8=0,0,E14/Parâmetros!$B$8)
A17: Câmbio usado | B17: ="EUR = "&Parâmetros!B4&" · "&Parâmetros!B6
A18: *Nada reservado, apenas cotado.
A20: Estimativa preliminar da página do roteiro (20/09): R$ 140.000 a 200.000. Use esta linha só como sanidade até a planilha estar cotada.

Sheet Parâmetros
A1: PARÂMETROS DA COTAÇÃO · CRISTOFER · RÉVEILLON EUROPA CENTRAL
A3: Parâmetro | B3: Valor | C3: Fonte / observação
A4: Câmbio EUR → R$ | B4: 6.1 | C4: Cotação informada pela LusaTravel em 21/09/2026.
A5: Câmbio USD → R$ | B5: 5.3 | C5: Estimativa. Preencher com a cotação do dia se algum item for cotado em dólar.
A6: Data do câmbio | B6: 21/09/2026 | C6: Texto. Aparece na proposta como 'Cotação DD/MM · Euro = X,XX'.
A7: Passageiros ida (29/12) | B7: 4 | C7: Cristofer, esposa, filhas de 13 e 16 anos
A8: Passageiros a partir de 05/01 | B8: 5 | C8: Filho de 17 anos chega em Viena
A9: Noites totais | B9: 13 | C9: 30/12 a 12/01
A10: Taxa de serviço LusaTravel (%) | B10: 0 | C10: Zero: a margem já está embutida nos valores dos fornecedores.
A13: LEGENDA
A14: Célula amarela / texto azul | B14: Você preenche (fornecedor, moeda, valor, quantidade, status).
A15: Texto preto | B15: Fórmula. Não editar.
A16: Coluna 'Incluir?' | B16: Sim = entra no total. Use para escolher entre a Opção 1 e a Opção 2 de hotel; só uma por cidade deve estar em Sim.
A17: Coluna 'Referência pública' | B17: Preço visto em Booking.com em 20/09/2026, para comparar com o valor do fornecedor. Não entra no total.
A18: Status | B18: A cotar → Cotado → Aprovado pelo cliente → Reservado. Filtre a coluna para ver o que falta.

Sheet Cotação
A1: COTAÇÃO · CRISTOFER · RÉVEILLON EUROPA CENTRAL · 29/12/2026 a 12/01/2027
A2: Preencha as células amarelas. Totais e conversão para R$ são fórmulas ligadas à aba Parâmetros.
A4: # | B4: Categoria | C4: Item | D4: Detalhe | E4: Data(s) | F4: Pax | G4: Fornecedor | H4: Moeda | I4: Valor unitário | J4: Qtd | K4: Total (moeda) | L4: Referência pública (Booking 20/09) | M4: Incluir? | N4: Total R$ | O4: Status | P4: Observações
A5: 1 | B5: Aéreo | C5: Aéreo internacional · 4 pax | D5: LA1579 GRU 29/12 15:10 → MAD 30/12 05:30 · IB869 MAD 07:20 → BUD 10:30 (conexão 1h50) · AF1183 PRG 10/01 09:50 → CDG 11:50 · LA8133 CDG 12/01 12:05 → GRU 20:00 · econômica · 1 mala 23 kg | E5: 29/12 e 12/01 | F5: 4 | G5: LATAM + Iberia + Air France (consolidador) | H5: BRL | I5: 10409.39 | J5: 4 | K5: =IF(I5="","",I5*J5) | M5: Sim | N5: =IF(OR(M5<>"Sim",I5=""),0,K5*IF(H5="BRL",1,IF(H5="EUR",Parâmetros!$B$4,IF(H5="USD",Parâmetros!$B$5,1)))) | O5: Cotado | P5: Cotação de 20/09: R$ 41.637,56 total (USD 8.073,20) = R$ 10.409,39 por pax. Inclui Praga → Paris.
A6: 2 | B6: Aéreo | C6: Aéreo do filho · 1 pax | D6: AF453 GRU 04/01 14:40 → CDG 05/01 06:05 · AF1138 CDG 10:00 → VIE 12:00 (conexão 3h55) · AF1383 PRG 10/01 12:10 → CDG 14:05 · AF454 CDG 12/01 23:20 → GRU 13/01 07:20 · econômica | E6: 04/01 e 12/01 | F6: 1 | G6: Air France (consolidador) | H6: BRL | I6: 12056.63 | J6: 1 | K6: =IF(I6="","",I6*J6) | M6: Sim | N6: =IF(OR(M6<>"Sim",I6=""),0,K6*IF(H6="BRL",1,IF(H6="EUR",Parâmetros!$B$4,IF(H6="USD",Parâmetros!$B$5,1)))) | O6: Cotado | P6: Recotação de 20/09: R$ 12.056,63 (USD 2.337,69).
A7: 3 | B7: Aéreo | C7: Voo Praga → Paris · filho · 1 pax | D7: PRG → CDG 10/01 · os 4 já estão no bilhete internacional (AF1183) · ideal: mesmo voo AF1183 09:50 | E7: 10/01 | F7: 1 | H7: EUR | J7: 1 | K7: =IF(I7="","",I7*J7) | M7: Não | N7: =IF(OR(M7<>"Sim",I7=""),0,K7*IF(H7="BRL",1,IF(H7="EUR",Parâmetros!$B$4,IF(H7="USD",Parâmetros!$B$5,1)))) | O7: Descartado | P7: Incluído no multitrecho do filho (AF1383). Não cotar à parte.
A8: 4 | B8: Aéreo | C8: Opcional · upgrade de cabine | D8: Diferença para Premium Economy ou Executiva no trecho internacional · 5 pax | E8: 29/12, 04/01 e 12/01 | F8: 5 | H8: BRL | J8: 5 | K8: =IF(I8="","",I8*J8) | M8: Não | N8: =IF(OR(M8<>"Sim",I8=""),0,K8*IF(H8="BRL",1,IF(H8="EUR",Parâmetros!$B$4,IF(H8="USD",Parâmetros!$B$5,1)))) | O8: A cotar | P8: Só entra no total se o cliente pedir.
A9: 5 | B9: Hotel | C9: Budapeste · Opção 1 · Barceló Budapest 4★ | D9: Király utca, Terézváros, a 5 min da Basílica · 2 quartos Superior Double · café da manhã · 4 noites | E9: 30/12 → 03/01 | F9: 4 | G9: Consolidador (a nomear) | H9: BRL | I9: 8400 | J9: 2 | K9: =IF(I9="","",I9*J9) | L9: Booking 20/09: R$ 15.136 pelas 2 quartos/4 noites no mesmo hotel · InterContinental 5★ € 2.398 · Corinthia 5★ € 2.939 | M9: Não | N9: =IF(OR(M9<>"Sim",I9=""),0,K9*IF(H9="BRL",1,IF(H9="EUR",Parâmetros!$B$4,IF(H9="USD",Parâmetros!$B$5,1)))) | O9: Cotado | P9: Cotação de 21/09: R$ 16.800 pelos 2 quartos. 4 noites.
A10: 6 | B10: Hotel | C10: Budapeste · Opção 2 · Mercure Budapest City Center 4★ | D10: Váci utca, coração de Pest, pedestre · 2 quartos Superior · café da manhã · 4 noites | E10: 30/12 → 03/01 | F10: 4 | G10: Consolidador (a nomear) | H10: BRL | I10: 6700 | J10: 2 | K10: =IF(I10="","",I10*J10) | L10: Booking 20/09: R$ 11.016 pelos 2 quartos/4 noites no mesmo hotel | M10: Não | N10: =IF(OR(M10<>"Sim",I10=""),0,K10*IF(H10="BRL",1,IF(H10="EUR",Parâmetros!$B$4,IF(H10="USD",Parâmetros!$B$5,1)))) | O10: Cotado | P10: Cotação de 21/09: R$ 13.400 pelos 2 quartos. 4 noites.
A11: 7 | B11: Hotel | C11: Budapeste · Opção 3 · InterContinental Budapest 5★ | D11: Margem do Danúbio, vista para o Castelo e a Ponte das Correntes · 2 quartos Classic · café da manhã · 4 noites | E11: 30/12 → 03/01 | F11: 4 | G11: Consolidador (a nomear) | H11: BRL | I11: 8690 | J11: 2 | K11: =IF(I11="","",I11*J11) | L11: Booking 20/09: € 2.398 (≈ R$ 14.172) pelos 2 quartos/4 noites no mesmo hotel, tarifa mais barata | M11: Sim | N11: =IF(OR(M11<>"Sim",I11=""),0,K11*IF(H11="BRL",1,IF(H11="EUR",Parâmetros!$B$4,IF(H11="USD",Parâmetros!$B$5,1)))) | O11: Cotado | P11: Cotação de 21/09: R$ 17.380 pelos 2 quartos. 4 noites. Escolhido para o total: único 5★ das três, à beira do rio.
A12: 8 | B12: Hotel | C12: Viena · Opção 1 · Steigenberger Icon Herrenhof 5★ | D12: Herrengasse, Innere Stadt, a 5 min do Hofburg · 1 Junior Suite + 1 Superior Room · café da manhã · 4 noites | E12: 03/01 → 07/01 | F12: 4 | G12: Consolidador (a nomear) | H12: BRL | I12: 5910 | J12: 4 | K12: =IF(I12="","",I12*J12) | L12: Booking 20/09: € 1.862 (≈ R$ 11.004) por 2 quartos standard/4 noites no mesmo hotel | M12: Sim | N12: =IF(OR(M12<>"Sim",I12=""),0,K12*IF(H12="BRL",1,IF(H12="EUR",Parâmetros!$B$4,IF(H12="USD",Parâmetros!$B$5,1)))) | O12: Cotado | P12: Cotação de 21/09: Junior Suite R$ 15.300 + Superior Room R$ 8.340 = R$ 23.640 pelas 4 noites (R$ 5.910/noite). Junior Suite comporta 3: pais + filho a partir de 05/01, filhas no Superior. Sem cama extra.
A13: 9 | B13: Hotel | C13: Viena · Opção 2 · Radisson Blu Style Hotel 5★ | D13: Herrengasse 12, Innere Stadt, design, a 3 min do Hofburg · 1 Junior Suite + 1 Superior Room · café da manhã · 4 noites | E13: 03/01 → 07/01 | F13: 4 | G13: Consolidador (a nomear) | H13: BRL | I13: 4768 | J13: 4 | K13: =IF(I13="","",I13*J13) | L13: Booking 20/09: R$ 12.034 por 2 quartos standard/4 noites no mesmo hotel | M13: Não | N13: =IF(OR(M13<>"Sim",I13=""),0,K13*IF(H13="BRL",1,IF(H13="EUR",Parâmetros!$B$4,IF(H13="USD",Parâmetros!$B$5,1)))) | O13: Cotado | P13: Cotação de 21/09: Junior Suite R$ 11.042 + Superior Room R$ 8.030 = R$ 19.072 pelas 4 noites (R$ 4.768/noite). Junior Suite comporta 3. R$ 4.568 mais barato que o Herrenhof, na mesma rua.
A14: 10 | B14: Hotel | C14: Viena · cama extra ou 3º quarto para o filho | D14: 2 noites, a partir da chegada em 05/01, no hotel escolhido | E14: 05/01 → 07/01 | F14: 1 | H14: EUR | J14: 2 | K14: =IF(I14="","",I14*J14) | M14: Não | N14: =IF(OR(M14<>"Sim",I14=""),0,K14*IF(H14="BRL",1,IF(H14="EUR",Parâmetros!$B$4,IF(H14="USD",Parâmetros!$B$5,1)))) | O14: Descartado | P14: Desnecessária: a Junior Suite das duas opções comporta o filho.
A15: 11 | B15: Hotel | C15: Praga · Opção 1 · The Emblem Prague Hotel 5★ | D15: Platnéřská, Cidade Velha, a 2 min da Praça da Cidade Velha, spa na cobertura · 1 Suite Pretender + 1 Queen Room · café da manhã · 3 noites | E15: 07/01 → 10/01 | F15: 5 | G15: Consolidador (a nomear) | H15: BRL | I15: 3335 | J15: 3 | K15: =IF(I15="","",I15*J15) | L15: Booking 20/09, outros hotéis: Art Nouveau Palace 5★ € 812 · Hilton Old Town 5★ € 1.041 por 2 quartos/3 noites (5 pax) | M15: Sim | N15: =IF(OR(M15<>"Sim",I15=""),0,K15*IF(H15="BRL",1,IF(H15="EUR",Parâmetros!$B$4,IF(H15="USD",Parâmetros!$B$5,1)))) | O15: Cotado | P15: Cotação de 21/09: Suite Pretender R$ 5.680 + Queen Room R$ 4.325 = R$ 10.005 pelas 3 noites (R$ 3.335/noite). Suíte comporta 3. Escolhida para o total: boutique 5★ no coração da Cidade Velha, R$ 1.980 acima da Opção 2.
A16: 12 | B16: Hotel | C16: Praga · Opção 2 · Century Old Town Prague, MGallery 4★ | D16: Na Poříčí, prédio onde Kafka trabalhou, a 8 min da Praça da Cidade Velha · 1 Executive + 1 Classic Room · café da manhã · 3 noites | E16: 07/01 → 10/01 | F16: 5 | G16: Consolidador (a nomear) | H16: BRL | I16: 2675 | J16: 3 | K16: =IF(I16="","",I16*J16) | M16: Não | N16: =IF(OR(M16<>"Sim",I16=""),0,K16*IF(H16="BRL",1,IF(H16="EUR",Parâmetros!$B$4,IF(H16="USD",Parâmetros!$B$5,1)))) | O16: Cotado | P16: Cotação de 21/09: Executive R$ 4.645 + Classic R$ 3.380 = R$ 8.025 pelas 3 noites (R$ 2.675/noite). Suíte comporta 3.
A17: 13 | B17: Hotel | C17: Paris · Opção 1 · Hôtel François 1er 4★ | D17: Rue Magellan, 8º arr., a 2 min da Champs-Élysées · 1 Executive Room + 1 Classic Double · café da manhã · 2 noites | E17: 10/01 → 12/01 | F17: 5 | G17: Consolidador (a nomear) | H17: BRL | I17: 5587.5 | J17: 2 | K17: =IF(I17="","",I17*J17) | M17: Sim | N17: =IF(OR(M17<>"Sim",I17=""),0,K17*IF(H17="BRL",1,IF(H17="EUR",Parâmetros!$B$4,IF(H17="USD",Parâmetros!$B$5,1)))) | O17: Cotado | P17: Cotação de 21/09: Executive R$ 6.420 + Classic Double R$ 4.755 = R$ 11.175 pelas 2 noites (R$ 5.587,50/noite). Executive comporta 3: pais + filho, filhas no Classic.
A18: 14 | B18: Hotel | C18: Paris · Opção 2 · Hotel Indigo Paris Opéra, IHG 4★ | D18: Rue de Châteaudun, 9º arr., entre a Ópera Garnier e Montmartre · 1 Standard Queen triplo + 1 Standard Queen duplo · café da manhã · 2 noites | E18: 10/01 → 12/01 | F18: 5 | G18: Consolidador (a nomear) | H18: BRL | I18: 5715 | J18: 2 | K18: =IF(I18="","",I18*J18) | M18: Não | N18: =IF(OR(M18<>"Sim",I18=""),0,K18*IF(H18="BRL",1,IF(H18="EUR",Parâmetros!$B$4,IF(H18="USD",Parâmetros!$B$5,1)))) | O18: Cotado | P18: Cotação de 21/09: triplo R$ 6.730 + duplo R$ 4.700 = R$ 11.430 pelas 2 noites (R$ 5.715/noite). Triplo resolve pais + filho sem depender de confirmação.
A19: 15 | B19: Trem | C19: Railjet Budapeste → Viena · 4 pax | D19: ÖBB RJX 62 · Budapest-Keleti 09:30 → Wien Hbf 12:20 · 2h50 · direto · 1ª classe · assentos marcados | E19: 03/01 | F19: 4 | G19: Consolidador (a nomear) | H19: BRL | I19: 302.5 | J19: 4 | K19: =IF(I19="","",I19*J19) | M19: Sim | N19: =IF(OR(M19<>"Sim",I19=""),0,K19*IF(H19="BRL",1,IF(H19="EUR",Parâmetros!$B$4,IF(H19="USD",Parâmetros!$B$5,1)))) | O19: Cotado | P19: Cotação de 21/09: R$ 1.210 para 4 pax (R$ 302,50/pax), 1ª classe.
A20: 16 | B20: Trem | C20: Railjet Viena → Praga · 5 pax | D20: ÖBB RJ 252 · Wien Hbf 11:10 → Praha hlavní nádraží 15:23 · 4h13 · direto · 1ª classe · assentos marcados | E20: 07/01 | F20: 5 | G20: Consolidador (a nomear) | H20: BRL | I20: 381 | J20: 5 | K20: =IF(I20="","",I20*J20) | M20: Sim | N20: =IF(OR(M20<>"Sim",I20=""),0,K20*IF(H20="BRL",1,IF(H20="EUR",Parâmetros!$B$4,IF(H20="USD",Parâmetros!$B$5,1)))) | O20: Cotado | P20: Cotação de 21/09: R$ 1.905 para 5 pax (R$ 381/pax), 1ª classe.
A21: 17 | B21: Transfer | C21: Budapeste · aeroporto → hotel · 4 pax | D21: Van privativa com recepção no desembarque | E21: 30/12 | F21: 4 | H21: EUR | J21: 1 | K21: =IF(I21="","",I21*J21) | M21: Sim | N21: =IF(OR(M21<>"Sim",I21=""),0,K21*IF(H21="BRL",1,IF(H21="EUR",Parâmetros!$B$4,IF(H21="USD",Parâmetros!$B$5,1)))) | O21: A cotar | P21: Valor unitário = por veículo.
A22: 18 | B22: Transfer | C22: Budapeste · hotel → estação Keleti · 4 pax | D22: Carro ou van privativa | E22: 03/01 | F22: 4 | H22: EUR | J22: 1 | K22: =IF(I22="","",I22*J22) | M22: Sim | N22: =IF(OR(M22<>"Sim",I22=""),0,K22*IF(H22="BRL",1,IF(H22="EUR",Parâmetros!$B$4,IF(H22="USD",Parâmetros!$B$5,1)))) | O22: A cotar
A23: 19 | B23: Transfer | C23: Viena · estação Hbf → hotel · 4 pax | D23: Carro ou van privativa | E23: 03/01 | F23: 4 | H23: EUR | J23: 1 | K23: =IF(I23="","",I23*J23) | M23: Sim | N23: =IF(OR(M23<>"Sim",I23=""),0,K23*IF(H23="BRL",1,IF(H23="EUR",Parâmetros!$B$4,IF(H23="USD",Parâmetros!$B$5,1)))) | O23: A cotar
A24: 20 | B24: Transfer | C24: Viena · aeroporto → hotel · filho · 1 pax | D24: Motorista com placa no desembarque · reforçar: menor viajando só | E24: 05/01 | F24: 1 | H24: EUR | J24: 1 | K24: =IF(I24="","",I24*J24) | M24: Sim | N24: =IF(OR(M24<>"Sim",I24=""),0,K24*IF(H24="BRL",1,IF(H24="EUR",Parâmetros!$B$4,IF(H24="USD",Parâmetros!$B$5,1)))) | O24: A cotar
A25: 21 | B25: Transfer | C25: Viena · hotel → estação Hbf · 5 pax | D25: Van privativa | E25: 07/01 | F25: 5 | H25: EUR | J25: 1 | K25: =IF(I25="","",I25*J25) | M25: Sim | N25: =IF(OR(M25<>"Sim",I25=""),0,K25*IF(H25="BRL",1,IF(H25="EUR",Parâmetros!$B$4,IF(H25="USD",Parâmetros!$B$5,1)))) | O25: A cotar
A26: 22 | B26: Transfer | C26: Praga · estação hl.n. → hotel · 5 pax | D26: Van privativa | E26: 07/01 | F26: 5 | H26: EUR | J26: 1 | K26: =IF(I26="","",I26*J26) | M26: Sim | N26: =IF(OR(M26<>"Sim",I26=""),0,K26*IF(H26="BRL",1,IF(H26="EUR",Parâmetros!$B$4,IF(H26="USD",Parâmetros!$B$5,1)))) | O26: A cotar
A27: 23 | B27: Transfer | C27: Praga · hotel → aeroporto · 5 pax | D27: Van privativa | E27: 10/01 | F27: 5 | H27: EUR | J27: 1 | K27: =IF(I27="","",I27*J27) | M27: Sim | N27: =IF(OR(M27<>"Sim",I27=""),0,K27*IF(H27="BRL",1,IF(H27="EUR",Parâmetros!$B$4,IF(H27="USD",Parâmetros!$B$5,1)))) | O27: A cotar
A28: 24 | B28: Transfer | C28: Paris · CDG → hotel · 5 pax | D28: Van privativa | E28: 10/01 | F28: 5 | H28: EUR | J28: 1 | K28: =IF(I28="","",I28*J28) | M28: Sim | N28: =IF(OR(M28<>"Sim",I28=""),0,K28*IF(H28="BRL",1,IF(H28="EUR",Parâmetros!$B$4,IF(H28="USD",Parâmetros!$B$5,1)))) | O28: A cotar
A29: 25 | B29: Transfer | C29: Paris · hotel → CDG · 5 pax | D29: Van privativa | E29: 12/01 | F29: 5 | H29: EUR | J29: 1 | K29: =IF(I29="","",I29*J29) | M29: Sim | N29: =IF(OR(M29<>"Sim",I29=""),0,K29*IF(H29="BRL",1,IF(H29="EUR",Parâmetros!$B$4,IF(H29="USD",Parâmetros!$B$5,1)))) | O29: A cotar
A30: 26 | B30: Experiência | C30: Réveillon · Opção 1 · Silverline · jantar de gala em catamarã · 4 pax | D30: Cais 11, Ponte Elisabeth · embarque 20h, retorno 1h · welcome cocktail, jantar de 5 pratos, espumante, show de piano · Parlamento iluminado, brinde e fogos à meia-noite | E30: 31/12 | F30: 4 | G30: Silverline Cruises | H30: BRL | I30: 2146.59 | J30: 4 | K30: =IF(I30="","",I30*J30) | L30: silver-line.hu/product/budapest-new-years-eve-dinner-cruise | M30: Sim | N30: =IF(OR(M30<>"Sim",I30=""),0,K30*IF(H30="BRL",1,IF(H30="EUR",Parâmetros!$B$4,IF(H30="USD",Parâmetros!$B$5,1)))) | O30: Cotado | P30: Valor por pessoa, conforme a página da Silverline em 21/09.
A31: 27 | B31: Experiência | C31: Réveillon · Opção 2 · Budapest River Cruise · NYE Party Cruise · 4 pax | D31: Cais 8/8A, Ponte Elisabeth · embarque 19h, retorno 1h · jantar, música ao vivo e virada a bordo | E31: 31/12 | F31: 4 | G31: Budapest River Cruise | H31: BRL | I31: 2272.86 | J31: 4 | K31: =IF(I31="","",I31*J31) | L31: budapestrivercruise.com/budapest-new-years-eve-cruise-party | M31: Não | N31: =IF(OR(M31<>"Sim",I31=""),0,K31*IF(H31="BRL",1,IF(H31="EUR",Parâmetros!$B$4,IF(H31="USD",Parâmetros!$B$5,1)))) | O31: Cotado | P31: Valor por pessoa, 6 horas a bordo (19h à 1h). Mais que o dobro da Opção 1 por pessoa. Confirmar preço de menor e o que o jantar inclui.
A32: 28 | B32: Experiência | C32: Tokaj · motorista privativo · dia inteiro · 4 pax | D32: Saída 07:30 do InterContinental · Oremus (Tolcsva) · almoço · Disznókő (Mezőzombor) · retorno ~18:30 · ~11 horas, ~500 km | E32: 02/01 | F32: 4 | G32: A definir (Pickup Hungary, MoveFlow, Sweet Travel, Taste Hungary) | H32: BRL | J32: 1 | K32: =IF(I32="","",I32*J32) | M32: Sim | N32: =IF(OR(M32<>"Sim",I32=""),0,K32*IF(H32="BRL",1,IF(H32="EUR",Parâmetros!$B$4,IF(H32="USD",Parâmetros!$B$5,1)))) | O32: A cotar | P32: Bate-volta. Motorista sem guia costuma sair bem abaixo do motorista-guia que veio caro. Referência: € 350 a 500 pelo dia.
A33: 29 | B33: Experiência | C33: Oremus · visita à adega e prova · 2 adultos + 2 filhas | D33: Tolcsva · agendamento por e-mail · ~1h · adegas do século XIII · adolescentes acompanham sem álcool | E33: 02/01 | F33: 4 | G33: Tokaj-Oremus | H33: BRL | I33: 315.67 | J33: 1 | K33: =IF(I33="","",I33*J33) | M33: Sim | N33: =IF(OR(M33<>"Sim",I33=""),0,K33*IF(H33="BRL",1,IF(H33="EUR",Parâmetros!$B$4,IF(H33="USD",Parâmetros!$B$5,1)))) | O33: Cotado | P33: Cotação de 21/09 em reais para a família (2 adultos e 2 filhas). Confirmar recepção no sábado 02/01; plano B: segunda 04/01.
A34: 30 | B34: Experiência | C34: Disznókő · visita e prova · 2 adultos + 2 filhas | D34: Mezőzombor, a 20 min de Tolcsva · vinícola do grupo AXA Millésimes · segunda parada da tarde | E34: 02/01 | F34: 4 | G34: Disznókő | H34: BRL | J34: 1 | K34: =IF(I34="","",I34*J34) | M34: Sim | N34: =IF(OR(M34<>"Sim",I34=""),0,K34*IF(H34="BRL",1,IF(H34="EUR",Parâmetros!$B$4,IF(H34="USD",Parâmetros!$B$5,1)))) | O34: A cotar | P34: Aguardando valores da vinícola.
A35: 31 | B35: Experiência | C35: Almoço em vinícola ou restaurante em Tokaj · 4 pax | D35: Mád ou Tarcal | E35: 02/01 | F35: 4 | H35: EUR | J35: 4 | K35: =IF(I35="","",I35*J35) | M35: Sim | N35: =IF(OR(M35<>"Sim",I35=""),0,K35*IF(H35="BRL",1,IF(H35="EUR",Parâmetros!$B$4,IF(H35="USD",Parâmetros!$B$5,1)))) | O35: A cotar | P35: Pode vir incluído no pacote do motorista-guia.
A36: 32 | B36: Seguro/Docs | C36: Seguro viagem · 5 pax · 15 dias | D36: Plano 90 Essential · DMH USD 90.000 · 29/12 a 12/01 | E36: 29/12 → 12/01 | F36: 5 | G36: 31 Motivos | H36: BRL | I36: 300.6 | J36: 5 | K36: =IF(I36="","",I36*J36) | M36: Sim | N36: =IF(OR(M36<>"Sim",I36=""),0,K36*IF(H36="BRL",1,IF(H36="EUR",Parâmetros!$B$4,IF(H36="USD",Parâmetros!$B$5,1)))) | O36: Cotado | P36: Cotação de 21/09: R$ 1.503,00 para os 5 (R$ 300,60 por pessoa). Confirmar se a apólice do filho cobre desde o embarque dele em 04/01.
C38: SUBTOTAL EM R$ (itens marcados como Sim) | N38: =SUM(N5:N36)
C39: Taxa de serviço LusaTravel | N39: =N38*Parâmetros!$B$10
C40: TOTAL PARA O CLIENTE | N40: =N38+N39
C41: *Nada reservado, apenas cotado.
